id;title;note;image;image_content_type;image_sha_1;thumbnailx_1;thumbnailx_1_content_type;thumbnailx_1_sha_1;thumbnailx_2;thumbnailx_2_content_type;thumbnailx_2_sha_1;exif;extracted_text;detected_objects;created_at;updated_at
1;ADP Mountain Metal;user-facing harness haptic;../fake-data/blob/hipster.png;image/png;Chief Direct Security;../fake-data/blob/hipster.png;image/png;Sleek;../fake-data/blob/hipster.png;image/png;Steel Zloty;../fake-data/blob/hipster.txt;../fake-data/blob/hipster.txt;../fake-data/blob/hipster.txt;2020-02-05T11:05:28;2020-02-05T01:33:26
2;Cambridgeshire Rustic;withdrawal;../fake-data/blob/hipster.png;image/png;1080p Ameliorated New York;../fake-data/blob/hipster.png;image/png;Tasty Park Assurance;../fake-data/blob/hipster.png;image/png;maroon generate;../fake-data/blob/hipster.txt;../fake-data/blob/hipster.txt;../fake-data/blob/hipster.txt;2020-02-04T14:32:12;2020-02-05T10:23:10
3;Gorgeous Hat Brand;Credit Card Account azure Central;../fake-data/blob/hipster.png;image/png;users olive;../fake-data/blob/hipster.png;image/png;Fish;../fake-data/blob/hipster.png;image/png;Games virtual;../fake-data/blob/hipster.txt;../fake-data/blob/hipster.txt;../fake-data/blob/hipster.txt;2020-02-05T05:54:23;2020-02-05T12:51:57
4;monitoring Congolese Franc;foreground Avon;../fake-data/blob/hipster.png;image/png;AGP Tuna;../fake-data/blob/hipster.png;image/png;West Virginia Liaison middleware;../fake-data/blob/hipster.png;image/png;Direct Swaziland Alabama;../fake-data/blob/hipster.txt;../fake-data/blob/hipster.txt;../fake-data/blob/hipster.txt;2020-02-05T08:30:33;2020-02-05T12:02:47
5;Shoes bleeding-edge;violet Georgia;../fake-data/blob/hipster.png;image/png;panel;../fake-data/blob/hipster.png;image/png;action-items Metal;../fake-data/blob/hipster.png;image/png;Concrete;../fake-data/blob/hipster.txt;../fake-data/blob/hipster.txt;../fake-data/blob/hipster.txt;2020-02-04T14:53:54;2020-02-05T00:50:29
6;Concrete Analyst e-business;PCI deploy;../fake-data/blob/hipster.png;image/png;copying;../fake-data/blob/hipster.png;image/png;Gorgeous Plastic Car;../fake-data/blob/hipster.png;image/png;Investment Account Beauty;../fake-data/blob/hipster.txt;../fake-data/blob/hipster.txt;../fake-data/blob/hipster.txt;2020-02-04T16:11:54;2020-02-04T20:17:09
7;Steel Creative;transmitter;../fake-data/blob/hipster.png;image/png;hard drive invoice;../fake-data/blob/hipster.png;image/png;Engineer;../fake-data/blob/hipster.png;image/png;online service-desk program;../fake-data/blob/hipster.txt;../fake-data/blob/hipster.txt;../fake-data/blob/hipster.txt;2020-02-04T23:20:21;2020-02-05T04:42:13
8;panel;structure;../fake-data/blob/hipster.png;image/png;red Consultant;../fake-data/blob/hipster.png;image/png;connect Granite;../fake-data/blob/hipster.png;image/png;Benin Accountability Consultant;../fake-data/blob/hipster.txt;../fake-data/blob/hipster.txt;../fake-data/blob/hipster.txt;2020-02-05T00:55:35;2020-02-05T01:40:34
9;open-source SMTP Rustic Concrete Car;Soft Buckinghamshire;../fake-data/blob/hipster.png;image/png;override Generic overriding;../fake-data/blob/hipster.png;image/png;Director Seamless Tasty;../fake-data/blob/hipster.png;image/png;North Dakota Vermont copy;../fake-data/blob/hipster.txt;../fake-data/blob/hipster.txt;../fake-data/blob/hipster.txt;2020-02-05T01:08:46;2020-02-05T01:15:05
10;Forward Games;synergies Soap;../fake-data/blob/hipster.png;image/png;Somali Shilling Managed Lead;../fake-data/blob/hipster.png;image/png;Kids benchmark;../fake-data/blob/hipster.png;image/png;Morocco;../fake-data/blob/hipster.txt;../fake-data/blob/hipster.txt;../fake-data/blob/hipster.txt;2020-02-05T06:45:54;2020-02-05T08:48:16
